,table_id,traveler,position,placement,points,achievements
0,175279215,mitsukuni,1,2.0,83,2
1,175287513,satsuki,3,3.0,89,2
2,175416224,hirotada,1,3.0,90,2
3,175236980,mitsukuni,3,3.0,89,2
4,175445611,chuubei,3,3.0,80,2
5,175391790,mitsukuni,3,2.0,79,1
6,175480454,kinko,3,3.0,86,3
7,171576483,chuubei,1,3.0,90,3
8,170350401,kinko,3,2.0,90,2
9,175198049,yoshiyasu,2,3.0,91,2
10,175213237,kinko,3,3.0,84,1
11,171466872,zenemon,3,3.0,78,2
12,171466872,kinko,2,2.0,77,2
13,169190432,kinko,2,2.0,84,4
14,175226550,hirotada,3,1.0,72,1
15,175161827,kinko,1,1.5,74,2
16,175165623,zenemon,1,1.0,76,3
17,171544707,satsuki,4,3.0,93,3
18,169104183,kinko,3,2.0,81,2
19,171450658,kinko,3,3.0,82,3
20,171450658,hirotada,1,1.0,74,0
21,171054052,kinko,1,3.0,90,4
22,171054052,yoshiyasu,3,0.0,66,2
23,169112961,hirotada,3,3.0,83,1
24,169112961,yoshiyasu,2,2.0,77,3
25,169293721,chuubei,3,3.0,82,2
26,170381808,satsuki,1,3.0,78,2
27,170381808,zenemon,4,1.0,68,2
28,171569056,hirotada,4,3.0,81,2
29,170134588,yoshiyasu,1,3.0,85,3
30,170134588,mitsukuni,3,1.0,75,1
31,170836514,chuubei,3,3.0,83,3
32,170836514,zenemon,4,1.0,78,1
33,171410318,satsuki,3,1.0,73,3
34,171410318,yoshiyasu,4,0.0,69,1
35,170265297,kinko,1,3.0,83,1
36,170222979,hirotada,2,3.0,86,2
37,170222979,satsuki,1,2.0,79,1
38,170745010,yoshiyasu,1,3.0,77,2
39,170745010,kinko,3,1.0,74,3
40,170146503,zenemon,2,3.0,84,3
41,170146503,yoshiyasu,1,1.0,74,1
42,170747178,mitsukuni,1,3.0,85,3
43,169248787,yoshiyasu,4,2.0,76,3
44,169683726,hirotada,4,3.0,84,1
45,169683726,kinko,1,1.0,75,2
46,169866677,yoshiyasu,1,2.0,78,1
47,169866677,hirotada,2,1.0,77,2
48,170374569,kinko,4,3.0,79,2
49,170374569,mitsukuni,3,0.0,73,1
50,169329204,umegae,1,3.0,77,2
51,169329204,kinko,2,1.0,74,3
52,169886452,satsuki,3,3.0,91,4
53,169886452,yoshiyasu,2,2.0,73,3
54,169226862,chuubei,1,2.0,77,2
55,167890338,yoshiyasu,4,3.0,83,3
56,167890338,chuubei,1,1.0,71,2
57,167786982,hirotada,2,1.0,81,1
58,167786982,satsuki,1,0.0,77,3
59,167501962,chuubei,1,3.0,78,3
60,167501962,kinko,2,1.5,76,2
61,167760242,kinko,2,3.0,79,3
62,167760242,hirotada,1,2.0,79,1
63,167774236,satsuki,1,3.0,81,4
64,166800770,hirotada,2,3.0,81,1
65,166800770,mitsukuni,1,2.0,80,2
66,166829544,kinko,2,3.0,83,3
67,166829544,satsuki,3,0.0,63,2
68,166284076,satsuki,2,3.0,84,4
69,166646517,satsuki,3,3.0,85,2
70,166646517,kinko,1,2.0,82,2
71,166238832,yoshiyasu,2,3.0,84,2
72,166238832,umegae,3,0.0,72,3
73,165815471,hirotada,2,3.0,86,1
74,166657835,kinko,1,2.0,83,3
75,166657835,hirotada,3,1.0,81,2
76,166824187,chuubei,1,3.0,80,3
77,166824187,kinko,4,2.0,80,1
78,166395113,umegae,4,3.0,89,4
79,166293411,yoshiyasu,2,3.0,87,3
80,165592794,hiroshige,1,1.0,75,2
81,165592794,umegae,2,0.0,73,2
82,165820332,kinko,4,3.0,91,3
83,165834220,hirotada,4,3.0,86,2
84,165509171,yoshiyasu,4,3.0,76,1
85,165509171,hirotada,3,2.0,70,2
86,164929090,yoshiyasu,3,2.0,71,3
87,165485565,zenemon,2,3.0,79,1
88,165485565,hirotada,1,1.0,76,3
89,164973707,kinko,4,3.0,84,0
90,164973707,yoshiyasu,2,1.0,82,2
91,163021761,chuubei,4,3.0,78,3
92,164717296,zenemon,1,1.0,73,1
93,164303724,kinko,4,3.0,82,1
94,164303724,mitsukuni,1,1.0,67,1
95,163262588,chuubei,2,0.0,71,2
96,163888297,kinko,4,1.0,76,1
97,163307790,yoshiyasu,3,3.0,82,3
98,163307790,chuubei,4,2.0,82,2
99,162148176,mitsukuni,1,2.0,75,2
100,162053541,kinko,4,0.0,66,1
101,184697024,yoshiyasu,3,3.0,83,2
102,184697024,hirotada,4,2.0,79,2
103,184697662,umegae,3,3.0,86,3
104,184697662,zenemon,1,0.0,73,2
105,184698210,kinko,4,3.0,87,3
106,184681178,yoshiyasu,2,3.0,83,3
107,184681178,hirotada,1,0.0,67,1
108,184682815,satsuki,4,1.0,71,1
109,184632579,chuubei,1,1.0,71,3
110,184626144,kinko,3,2.0,82,2
111,184615998,hirotada,1,3.0,85,3
112,184615998,umegae,4,2.0,79,0
113,184615998,chuubei,3,0.0,70,3
114,184091966,kinko,1,3.0,80,3
115,184093762,hirotada,2,2.0,80,1
116,184084055,yoshiyasu,1,0.0,67,2
117,184087822,mitsukuni,2,3.0,82,2
118,184087822,chuubei,3,2.0,81,3
119,184087822,umegae,4,0.0,75,0
120,183820362,yoshiyasu,2,2.0,77,1
121,183785637,chuubei,2,3.0,84,3
122,183785637,satsuki,4,1.0,76,2
123,183775287,kinko,3,2.0,79,2
124,183595072,chuubei,2,0.0,75,2
125,183585469,kinko,1,3.0,85,1
126,183589726,hiroshige,1,3.0,80,3
127,183362610,chuubei,3,3.0,84,4
128,183341708,zenemon,3,2.0,85,3
129,183340612,kinko,4,3.0,87,3
130,183340612,yoshiyasu,3,2.0,80,2
131,183332469,yoshiyasu,3,2.0,78,3
132,183332469,chuubei,2,0.0,68,2
133,183334266,zenemon,3,3.0,83,2
134,183334266,kinko,2,2.0,82,3
135,183334266,hirotada,1,1.0,74,2
136,183320283,zenemon,1,0.0,67,1
137,183321571,chuubei,4,3.0,81,2
138,183136822,umegae,4,3.0,87,4
139,180830775,hirotada,2,3.0,77,1
140,180830775,zenemon,3,1.0,74,1
141,180245586,chuubei,2,3.0,93,5
142,180245586,umegae,3,0.0,67,2
143,178668941,kinko,2,3.0,88,3
144,177648402,zenemon,2,3.0,79,2
145,177389382,chuubei,1,3.0,84,3
146,177372886,yoshiyasu,4,2.0,76,1
147,177376774,hirotada,3,1.0,78,1
148,177364452,satsuki,2,1.0,64,3
149,177198302,hiroshige,2,0.0,65,4
150,177132648,mitsukuni,4,2.0,78,1
151,177132648,chuubei,1,1.0,74,4
152,176920685,kinko,1,3.0,91,3
153,176920685,sasayakko,4,1.0,76,3
154,176898276,zenemon,1,1.0,70,2
155,176730125,chuubei,3,0.0,70,2
156,176732370,hirotada,4,2.0,79,2
157,176724496,hirotada,3,0.0,70,1
158,176711679,kinko,2,2.0,75,3
159,176498694,mitsukuni,4,3.0,82,2
160,176488876,kinko,4,1.0,75,1
161,176482346,yoshiyasu,1,2.0,87,3
162,176212228,hirotada,1,0.0,65,1
163,176217933,yoshiyasu,2,1.0,75,1
164,176149177,chuubei,4,3.0,87,3
165,175706935,yoshiyasu,4,2.0,83,2
166,175707323,mitsukuni,2,1.0,75,2
167,175483495,umegae,4,0.0,72,2
168,175445066,chuubei,3,3.0,81,3
169,175416125,yoshiyasu,1,0.0,70,1
170,175402854,satsuki,3,3.0,88,3
171,175390573,chuubei,3,3.0,86,4
172,174648905,kinko,4,0.0,71,1
173,174635035,chuubei,2,0.0,68,1
174,174630191,zenemon,1,3.0,80,1
175,173830133,kinko,2,0.0,63,2
176,173503496,hirotada,2,1.0,77,2
177,173503496,sasayakko,3,0.0,67,2
178,173481237,satsuki,4,3.0,84,2
179,173481237,sasayakko,2,1.0,79,3
180,172934992,mitsukuni,3,2.0,79,1
181,165756372,chuubei,1,1.0,76,3
182,185158311,hiroshige,1,3.0,75,3
183,185158311,chuubei,4,2.0,75,2
184,185143426,hiroshige,1,1.0,73,3
185,185143426,zenemon,2,0.0,73,2
186,185144191,kinko,2,3.0,84,3
187,185144191,umegae,3,2.0,78,3
188,185144191,hirotada,4,1.0,73,0
189,185120837,umegae,1,3.0,86,2
190,185120837,kinko,2,2.0,84,2
191,185120837,zenemon,4,1.0,79,3
192,185129643,kinko,2,3.0,86,2
193,185129643,chuubei,3,2.0,83,3
194,185112958,chuubei,2,3.0,83,3
195,185112958,yoshiyasu,1,0.0,73,1
196,185116483,kinko,1,3.0,88,3
197,185116483,umegae,2,2.0,74,1
198,185103255,chuubei,2,2.5,80,3
199,185103255,umegae,4,1.0,78,2
200,185040500,yoshiyasu,3,2.5,78,2
201,185040500,kinko,1,0.0,65,3
202,182074090,yoshiyasu,2,3.0,86,4
203,182498089,chuubei,2,3.0,86,3
204,185006653,umegae,3,3.0,91,1
205,184812043,hirotada,2,2.0,78,2
206,184812043,yoshiyasu,4,1.0,68,2
207,182510447,kinko,3,3.0,99,3
208,182481721,yoshiyasu,1,2.0,76,3
209,182569720,umegae,3,3.0,86,3
210,182726389,yoshiyasu,3,3.0,90,4
211,182711878,yoshiyasu,4,2.0,72,3
212,182711878,umegae,2,1.0,72,1
213,182710761,zenemon,4,1.0,76,2
214,182710761,umegae,1,0.0,69,3
215,182520273,hirotada,4,3.0,93,3
216,182455746,yoshiyasu,3,2.0,83,3
217,182429418,kinko,4,2.0,80,2
218,182423604,zenemon,1,0.0,64,1
219,178327129,umegae,3,3.0,87,3
220,178053134,chuubei,3,2.0,82,2
221,179597713,hiroshige,2,1.0,78,2
222,182261086,umegae,3,2.0,74,2
223,182261086,hirotada,4,1.0,71,3
224,182251849,umegae,3,2.0,75,3
225,182251849,kinko,2,0.0,74,1
226,178390084,chuubei,3,3.0,89,3
227,182147877,chuubei,4,3.0,88,4
228,182147877,yoshiyasu,3,2.0,78,2
229,182141623,kinko,2,3.0,83,2
230,182141623,hirotada,1,2.0,80,1
231,182035454,chuubei,1,2.0,84,4
232,182035454,kinko,3,1.0,81,3
233,182024108,hirotada,2,3.0,85,2
234,178167579,chuubei,1,2.0,77,2
235,181824651,yoshiyasu,4,3.0,82,4
236,181824651,kinko,2,2.0,77,1
237,181817314,kinko,4,3.0,90,3
238,181817314,chuubei,3,1.0,79,4
239,181808109,yoshiyasu,4,3.0,82,2
240,181808109,hirotada,1,2.0,80,1
241,181804744,umegae,1,2.0,71,1
242,181804744,chuubei,4,1.0,69,2
243,181809920,zenemon,1,1.0,72,2
244,181809920,mitsukuni,2,0.0,62,1
245,181589038,kinko,1,3.0,90,3
246,181589038,hirotada,3,2.0,89,4
247,181564818,hirotada,1,3.0,85,3
248,181551529,hirotada,4,3.0,88,3
249,177154394,yoshiyasu,1,2.0,76,0
250,181396896,hiroshige,2,2.0,79,4
251,181396896,umegae,4,1.0,73,1
252,181382809,kinko,4,3.0,83,2
253,181382809,yoshiyasu,1,2.0,79,2
254,181352408,umegae,2,2.0,88,3
255,181352408,zenemon,4,1.0,85,3
256,181359982,hirotada,4,3.0,86,2
257,181359982,kinko,2,2.0,71,2
258,181359982,yoshiyasu,1,0.0,69,3
259,181119015,hirotada,3,2.0,83,2
260,181104948,umegae,2,3.0,87,1
261,181104948,yoshiyasu,1,1.0,72,1
262,181106873,umegae,1,3.0,82,3
263,181106873,yoshiyasu,3,2.0,75,3
264,181088055,chuubei,1,3.0,88,4
265,181078520,chuubei,3,1.0,72,3
266,177173868,umegae,1,3.0,94,2
267,180906120,hiroshige,4,3.0,88,4
268,180906120,umegae,3,0.0,67,1
269,180880295,kinko,4,3.0,90,3
270,180880295,umegae,1,2.0,79,3
271,179850164,kinko,1,3.0,85,4
272,179850164,chuubei,4,0.0,64,1
273,180876126,hirotada,2,2.0,74,1
274,180876126,yoshiyasu,1,0.0,71,2
275,177826850,umegae,2,3.0,90,3
276,177777309,hirotada,4,2.0,79,2
277,180651262,kinko,2,3.0,89,3
278,180651262,hiroshige,3,1.0,69,2
279,180638104,hirotada,2,3.0,86,2
280,180433270,yoshiyasu,2,3.0,92,3
281,180433270,umegae,4,2.0,82,4
282,180420540,umegae,2,3.0,81,2
283,180420540,chuubei,3,2.0,76,3
284,177651142,kinko,4,2.0,82,2
285,177651142,yoshiyasu,2,1.0,75,1
286,177566797,yoshiyasu,1,3.0,84,2
287,177555254,kinko,2,3.0,89,3
288,180190773,zenemon,2,3.0,86,4
289,180190773,hirotada,4,0.0,71,2
290,180186917,kinko,4,3.0,88,3
291,180186917,hirotada,2,1.0,71,2
292,180173927,chuubei,1,2.0,72,2
293,177802607,hiroshige,3,2.0,73,2
294,180071129,umegae,4,3.0,90,2
295,180071129,yoshiyasu,1,0.0,66,1
296,180070131,chuubei,3,2.0,79,2
297,180070131,hirotada,2,0.0,76,2
298,177632955,chuubei,1,3.0,90,5
299,177632955,zenemon,2,2.0,78,1
300,179975176,kinko,1,3.0,85,1
301,179975176,zenemon,4,2.0,77,3
302,179972640,hirotada,3,3.0,84,0
303,179972640,chuubei,2,2.0,78,4
304,179961483,kinko,3,2.0,75,2
305,179961483,chuubei,1,0.0,73,1
306,179747949,hirotada,4,2.0,80,2
307,179747949,yoshiyasu,2,0.0,72,2
308,179730954,mitsukuni,2,3.0,83,3
309,179730954,kinko,1,0.0,76,2
310,179722697,zenemon,2,2.0,84,2
311,179722697,yoshiyasu,1,0.0,73,2
312,179729523,umegae,3,3.0,86,3
313,179729523,chuubei,1,2.0,75,4
314,179712976,chuubei,2,3.0,88,2
315,179712976,yoshiyasu,3,0.5,69,2
316,179533510,hirotada,3,2.0,81,3
317,179533510,zenemon,4,1.0,71,2
318,179497914,mitsukuni,4,2.0,76,3
319,179497914,hirotada,1,0.0,71,1
320,179488357,chuubei,3,3.0,80,3
321,179488357,kinko,4,2.0,76,2
322,179480631,kinko,2,3.0,91,3
323,179480631,umegae,3,0.0,66,3
324,179254033,umegae,2,2.0,79,4
325,179254033,hirotada,1,1.0,72,0
326,178055845,chuubei,1,3.0,84,3
327,178055845,umegae,4,0.0,66,1
328,177822176,kinko,3,3.0,86,1
329,179048604,yoshiyasu,4,2.0,79,2
330,179032796,mitsukuni,3,3.0,84,2
331,179030191,sasayakko,2,1.0,74,2
332,179023576,yoshiyasu,2,2.0,72,1
333,177710268,hirotada,3,2.0,78,3
334,177710268,yoshiyasu,2,1.0,71,1
335,178829177,yoshiyasu,2,2.0,81,1
336,178829177,chuubei,4,0.0,74,3
337,178824520,hirotada,3,3.0,89,2
338,178824520,kinko,2,1.0,79,4
339,178790553,hirotada,3,3.0,80,1
340,178790553,chuubei,1,2.0,78,3
341,178768332,hirotada,4,3.0,84,2
342,178541526,chuubei,4,3.0,81,2
343,178541526,hirotada,3,2.0,79,3
344,178529725,chuubei,1,2.0,80,4
345,178420657,hirotada,4,3.0,79,1
346,178420657,chuubei,1,1.0,72,1
347,178423410,chuubei,3,2.0,79,3
348,178423410,hirotada,1,1.0,65,2
349,178302287,chuubei,2,3.0,86,4
350,178302287,kinko,3,2.0,76,2
351,178302080,kinko,2,3.0,87,3
352,178302080,hirotada,4,2.0,84,3
353,178163824,umegae,1,3.0,91,4
354,178163824,yoshiyasu,4,1.0,77,2
355,178156226,chuubei,1,3.0,85,3
356,178156226,yoshiyasu,3,1.0,75,2
357,178140132,umegae,4,3.0,88,3
358,178140132,hirotada,2,2.0,87,3
359,178062455,kinko,1,3.0,93,3
360,178062455,chuubei,3,2.0,89,4
361,178033519,chuubei,3,2.0,78,3
362,178033519,kinko,2,1.0,73,1
363,177791960,hiroshige,1,2.0,77,3
364,177625221,yoshiyasu,2,2.0,81,3
365,177033434,mitsukuni,1,0.0,73,1
366,177019689,chuubei,2,3.0,94,3
367,176936385,yoshiyasu,1,3.0,75,2
368,176936385,mitsukuni,3,0.0,69,2
369,176934242,chuubei,3,2.0,80,3
370,176934242,hiroshige,2,1.0,71,1
371,176800957,hiroshige,1,1.0,69,2
372,173985663,hiroshige,1,2.0,76,2
373,176353415,kinko,1,2.0,81,3
374,176353415,umegae,4,1.0,74,2
375,176353415,hirotada,3,0.0,57,1
376,176346614,umegae,2,3.0,90,3
377,176346614,kinko,4,2.0,82,3
378,176334196,kinko,2,3.0,79,2
379,176334196,hirotada,1,0.0,75,2
380,176339820,satsuki,4,2.0,82,4
381,176339820,yoshiyasu,3,1.0,79,3
382,176329500,yoshiyasu,2,3.0,85,2
383,176329500,zenemon,1,0.0,69,3
384,176056281,chuubei,1,3.0,82,4
385,176056281,hirotada,2,1.0,80,2
386,172734895,kinko,1,2.0,80,3
387,174901403,chuubei,1,3.0,88,4
388,174901403,umegae,4,2.0,75,2
389,174882558,hiroshige,2,1.0,75,3
390,174880477,hirotada,3,2.0,81,1
391,174880477,sasayakko,2,1.0,78,3
392,174881924,hiroshige,2,3.0,82,3
393,174881924,zenemon,3,1.0,73,1
394,174871287,yoshiyasu,2,3.0,82,1
395,174871287,hirotada,1,2.0,79,3
396,174767997,hirotada,1,3.0,85,2
397,174767997,umegae,3,2.0,79,2
398,174516763,hirotada,3,2.5,90,3
399,174516763,yoshiyasu,2,2.5,90,3
400,174493485,kinko,4,1.0,81,2
401,174493485,hirotada,3,0.0,78,3
402,174350597,kinko,3,2.0,81,1
403,174350597,zenemon,1,1.0,74,3
404,174344118,chuubei,3,3.0,87,3
405,174344118,umegae,4,1.0,73,1
406,169149517,kinko,2,3.0,83,2
407,174085762,hiroshige,1,3.0,81,4
408,174085762,kinko,2,0.0,67,2
409,174060777,yoshiyasu,1,3.0,79,3
410,174060777,kinko,2,2.0,73,2
411,169429520,kinko,4,3.0,81,3
412,169429520,yoshiyasu,2,2.0,77,1
413,170284907,kinko,4,3.0,75,2
414,170284907,chuubei,3,2.0,74,2
415,168401475,kinko,1,3.0,88,1
416,168401475,chuubei,4,2.0,81,1
417,169748252,yoshiyasu,1,1.0,73,1
418,168520212,umegae,2,3.0,92,2
419,173121908,chuubei,1,2.0,77,3
420,173031429,kinko,3,3.0,85,3
421,173031429,hirotada,1,1.0,73,1
422,170092805,satsuki,2,3.0,85,2
423,170092805,yoshiyasu,1,2.0,77,1
424,167866792,satsuki,1,3.0,82,3
425,167866792,yoshiyasu,4,2.0,76,1
426,173029556,kinko,2,3.0,88,1
427,173029556,hirotada,3,1.0,74,3
428,173025713,yoshiyasu,2,3.0,100,3
429,173025713,zenemon,1,1.0,74,1
430,172772102,zenemon,4,2.0,78,3
431,172772102,chuubei,2,1.0,72,2
432,172760906,kinko,4,3.0,87,3
433,172760906,hirotada,1,2.0,86,3
434,172750832,chuubei,3,3.0,82,2
435,172750832,zenemon,1,0.0,61,1
436,169001978,zenemon,2,2.0,80,2
437,170277543,chuubei,3,3.0,82,3
438,170277543,yoshiyasu,1,1.0,70,2
439,169153016,yoshiyasu,2,1.0,76,3
440,170635973,hirotada,4,0.0,71,2
441,168831607,hiroshige,3,0.0,71,2
442,172624560,umegae,3,3.0,84,3
443,172624560,sasayakko,1,0.0,68,1
444,168677327,kinko,4,3.0,95,2
445,168677327,chuubei,2,2.0,82,4
446,168490782,kinko,1,3.0,78,2
447,168539920,chuubei,2,2.0,77,2
448,169838765,hirotada,2,3.0,90,2
449,169838765,chuubei,3,2.0,86,5
450,169976585,umegae,3,2.0,69,1
451,169423757,chuubei,2,2.0,79,1
452,169423757,yoshiyasu,3,0.0,67,2
453,168267004,zenemon,2,2.0,81,3
454,169845913,yoshiyasu,4,3.0,85,2
455,169845913,hirotada,2,0.0,71,1
456,172215366,zenemon,4,2.0,92,3
457,172215366,umegae,1,0.0,76,3
458,168022383,hirotada,1,3.0,79,2
459,167798497,zenemon,4,3.0,80,1
460,167798497,kinko,1,1.0,76,2
461,169666501,zenemon,2,3.0,85,2
462,172079631,hiroshige,2,2.5,74,3
463,172079631,kinko,3,1.0,69,1
464,172069866,hiroshige,4,2.0,78,2
465,172069866,hirotada,2,1.0,77,2
466,169581724,yoshiyasu,4,3.0,88,2
467,169581724,chuubei,3,1.5,80,2
468,170074567,hirotada,4,2.0,86,3
469,170074567,zenemon,1,0.0,60,0
470,170503801,hiroshige,1,3.0,89,4
471,170503801,umegae,4,2.0,76,2
472,167979399,kinko,2,2.0,75,2
473,167979399,zenemon,4,1.0,71,2
474,169137418,chuubei,1,2.0,79,4
475,168870326,yoshiyasu,3,3.0,86,4
476,168984180,chuubei,4,2.0,80,5
477,171818721,kinko,4,0.0,67,2
478,170798073,kinko,2,3.0,79,3
479,167983659,zenemon,3,3.0,88,2
480,167983659,kinko,1,0.0,72,2
481,167746963,hirotada,1,3.0,86,2
482,167883065,chuubei,3,3.0,83,3
483,167883065,zenemon,4,1.0,81,2
484,169031460,hirotada,1,3.0,83,2
485,169696063,kinko,4,2.0,86,4
486,168503493,yoshiyasu,4,1.0,72,0
487,168503493,umegae,3,0.0,70,3
488,167726329,hirotada,2,3.0,81,2
489,167726329,zenemon,4,1.0,69,1
490,169737166,yoshiyasu,3,3.0,87,3
491,168586632,yoshiyasu,2,3.0,83,3
492,167355855,kinko,4,3.0,84,1
493,167355855,hirotada,2,0.0,62,1
494,168603550,mitsukuni,2,3.0,80,3
495,167799814,mitsukuni,4,2.0,83,4
496,168104868,hiroshige,1,2.0,74,3
497,168104868,satsuki,3,0.0,70,3
498,167742508,umegae,1,2.0,80,3
499,167742508,kinko,3,1.0,78,1
500,171187692,yoshiyasu,1,3.0,80,2
501,171187692,kinko,2,1.0,75,3
502,171173209,kinko,1,2.5,84,2
503,171159968,kinko,4,2.0,84,2
504,171159968,yoshiyasu,2,1.0,78,3
505,168122493,hirotada,1,3.0,78,3
506,167318408,kinko,2,0.0,73,2
507,171060959,chuubei,4,3.0,82,4
508,171060959,hiroshige,1,0.0,69,1
509,168388648,satsuki,2,3.0,87,4
510,168388648,hirotada,1,1.0,78,1
511,167738578,chuubei,3,3.0,82,3
512,168562276,mitsukuni,4,3.0,91,4
513,168562276,kinko,1,2.0,86,3
514,168413366,yoshiyasu,2,1.0,76,3
515,168413366,kinko,3,0.0,76,2
516,169726830,hirotada,3,2.0,69,2
517,167308684,chuubei,2,3.0,81,4
518,167308684,umegae,4,2.0,77,1
519,167841621,kinko,1,3.0,75,2
520,167841621,zenemon,2,2.0,73,3
521,167506435,yoshiyasu,4,3.0,87,1
522,168290314,zenemon,4,1.0,75,2
523,167594941,kinko,4,3.0,83,3
524,167899571,yoshiyasu,1,3.0,84,2
525,167899571,hirotada,4,2.0,81,2
526,167720076,yoshiyasu,4,3.0,78,2
527,167720076,hirotada,2,2.0,75,2
528,167285015,hirotada,1,3.0,88,2
529,170122948,yoshiyasu,1,1.0,78,2
530,170122948,kinko,2,0.0,75,2
531,170121801,chuubei,2,3.0,82,2
532,170121801,yoshiyasu,3,2.0,81,4
533,170115528,chuubei,3,3.0,89,4
534,170115528,sasayakko,1,0.0,57,1
535,167781818,umegae,3,1.0,75,2
536,168313208,kinko,3,2.0,79,2
537,168126369,kinko,1,3.0,94,3
538,168126369,yoshiyasu,4,2.0,78,2
539,167525250,chuubei,4,3.0,83,1
540,167525250,yoshiyasu,2,1.0,74,3
541,169720839,yoshiyasu,4,3.0,83,2
542,169720839,zenemon,3,1.0,72,2
543,166494380,kinko,4,3.0,90,2
544,166494380,umegae,1,1.0,78,2
545,167233334,hirotada,3,3.0,92,3
546,167233334,umegae,2,1.0,68,3
547,167329822,satsuki,2,1.0,73,1
548,168547247,chuubei,4,1.0,78,4
549,166413325,yoshiyasu,1,2.0,81,3
550,169171304,yoshiyasu,2,3.0,82,3
551,169171304,umegae,3,1.0,73,2
552,167346608,hirotada,4,2.0,79,3
553,167346608,umegae,3,1.0,75,2
554,169022365,hirotada,4,3.0,85,3
555,169022365,kinko,3,2.0,80,3
556,167597996,hirotada,2,3.0,92,2
557,167597996,mitsukuni,3,1.0,81,1
558,169016349,chuubei,1,3.0,79,3
559,169016349,kinko,4,0.0,74,0
560,169015755,kinko,4,2.5,77,3
561,169015755,umegae,2,1.0,73,3
562,169009669,yoshiyasu,4,2.0,79,3
563,169009669,chuubei,2,1.0,76,1
564,168981131,umegae,4,1.0,70,1
565,168981131,yoshiyasu,3,0.0,65,2
566,167732002,kinko,3,3.0,83,3
567,167732002,hiroshige,1,2.0,75,3
568,167237916,yoshiyasu,3,2.0,77,2
569,167587892,chuubei,3,3.0,82,2
570,167587892,mitsukuni,2,1.0,79,3
571,167587892,kinko,4,0.0,72,3
572,166108567,hirotada,3,2.0,75,2
573,166108567,kinko,1,1.0,69,3
574,166110917,chuubei,4,3.0,92,3
575,168263448,zenemon,3,2.0,78,2
576,166349344,hirotada,1,3.0,86,2
577,168011710,hiroshige,2,3.0,81,2
578,167990519,kinko,4,3.0,91,1
579,167987507,chuubei,3,3.0,89,1
580,166139271,kinko,4,3.0,97,3
581,166485645,satsuki,3,2.0,82,5
582,167741183,chuubei,1,3.0,85,4
583,167741183,kinko,3,2.0,78,1
584,165909724,kinko,2,3.0,87,3
585,165899311,hirotada,4,2.0,83,1
586,167270741,zenemon,1,1.0,74,0
587,167270741,chuubei,2,0.0,70,3
588,167257782,chuubei,2,3.0,83,3
589,167257782,yoshiyasu,1,0.0,78,1
590,167249137,yoshiyasu,3,1.5,83,3
591,167249137,hirotada,4,1.5,83,3
592,167239470,hirotada,4,2.0,81,3
593,167239470,yoshiyasu,1,1.0,75,3
594,167239470,umegae,2,0.0,68,2
595,167228343,hirotada,1,3.0,81,3
596,167228343,chuubei,3,1.0,76,2
597,167209306,hiroshige,3,2.0,74,3
598,167084419,satsuki,1,1.0,65,2
599,167084419,yoshiyasu,4,0.0,65,1
600,167070417,yoshiyasu,3,2.0,84,3
601,167070417,sasayakko,4,1.0,74,2
602,167072653,hiroshige,4,3.0,84,3
603,167065684,yoshiyasu,3,2.0,77,1
604,167065684,zenemon,1,1.0,73,3
605,166982811,hiroshige,2,2.0,79,3
606,166982811,hirotada,4,0.0,71,1
607,166969117,hiroshige,2,3.0,86,2
608,166969117,chuubei,3,1.0,78,3
609,166969117,sasayakko,4,0.0,75,2
610,166958402,hirotada,3,3.0,79,1
611,166958402,kinko,4,1.0,71,2
612,166944228,hiroshige,4,3.0,80,4
613,166944228,yoshiyasu,3,1.0,79,0
614,166917341,hirotada,2,3.0,81,1
615,166687861,hirotada,4,3.0,81,3
616,166665490,kinko,1,3.0,86,1
617,166665490,hirotada,3,2.0,84,3
618,166669898,hirotada,1,3.0,83,1
619,166669898,umegae,2,0.0,72,2
620,166638451,umegae,1,2.0,78,3
621,166391035,mitsukuni,2,0.0,71,1
622,166373234,chuubei,2,2.0,75,2
623,166373234,umegae,4,1.0,68,1
624,166369324,kinko,4,3.0,89,2
625,166369324,chuubei,2,2.0,81,2
626,166357105,yoshiyasu,1,1.0,74,2
627,166357105,kinko,2,0.0,73,2
628,166120693,yoshiyasu,4,3.0,88,4
629,166116217,umegae,3,2.0,77,3
630,165856756,sasayakko,4,2.0,75,2
631,165856756,kinko,3,0.5,74,2
632,165850001,hirotada,3,3.0,83,1
633,165850001,umegae,4,2.0,82,2
634,165850001,zenemon,1,1.0,79,3
635,165844434,yoshiyasu,2,3.0,80,4
636,165844434,umegae,4,2.0,75,3
637,165832936,hirotada,2,3.0,81,2
638,165829769,chuubei,4,0.0,81,3
639,165605638,hirotada,2,2.0,75,2
640,165580659,sasayakko,3,2.0,79,2
641,165580659,yoshiyasu,4,0.0,72,2
642,165578956,chuubei,4,3.0,91,2
643,165578956,umegae,1,1.0,78,2
644,165558647,hiroshige,4,1.0,75,3
645,165310324,umegae,1,3.0,82,3
646,165310324,chuubei,4,2.0,80,3
647,165301414,kinko,2,3.0,83,2
648,165301414,yoshiyasu,4,2.0,79,3
649,165182468,kinko,3,2.0,74,3
650,165182468,yoshiyasu,4,1.0,69,2
651,165181295,hirotada,2,2.0,79,3
652,165181295,yoshiyasu,4,1.0,76,2
653,165186133,kinko,3,3.0,82,2
654,165186133,mitsukuni,1,1.0,73,1
655,165173188,hiroshige,1,3.0,81,4
656,165173188,satsuki,2,0.0,73,1
657,165023260,hirotada,3,3.0,82,3
658,165023260,yoshiyasu,2,0.0,67,2
659,165013213,chuubei,3,3.0,85,5
660,165013213,yoshiyasu,2,2.0,85,4
661,164707264,hirotada,3,3.0,84,2
662,163895483,kinko,1,3.0,80,3
663,163895483,hirotada,2,1.5,78,3
664,163887851,kinko,2,3.0,86,2
665,163887851,umegae,3,0.0,75,2
666,163612287,kinko,1,3.0,92,3
667,163602839,hirotada,2,3.0,83,3
668,163366437,hiroshige,3,2.0,77,3
669,163366437,hirotada,4,0.0,63,0
670,163361553,hirotada,2,3.0,81,3
671,163361553,zenemon,3,2.0,81,2
672,163351495,kinko,4,3.0,86,3
673,163351495,hiroshige,3,2.0,82,3
674,163341894,chuubei,1,2.0,78,2
675,163341894,mitsukuni,4,1.0,67,2
676,163332484,kinko,4,2.0,78,2
677,163332484,yoshiyasu,1,1.0,78,1
678,163324437,chuubei,4,1.0,71,2
679,163324437,sasayakko,2,0.0,69,1
680,163048640,yoshiyasu,2,3.0,86,2
681,163048640,hirotada,1,2.0,82,3
682,163031490,umegae,1,1.0,75,2
683,163023403,umegae,3,2.0,83,3
684,163023403,chuubei,2,1.0,79,3
685,163023403,kinko,1,0.0,76,2
686,163015564,kinko,3,3.0,89,1
687,163015564,sasayakko,4,1.0,74,2
688,163015564,hirotada,2,0.0,71,2
689,163005243,umegae,2,2.0,77,4
690,163005243,chuubei,3,1.0,71,1
691,163005243,yoshiyasu,1,0.0,67,2
692,162991237,hirotada,1,3.0,89,2
693,162991237,kinko,3,2.0,77,2
694,162983589,kinko,3,2.0,73,1
695,162807899,chuubei,4,3.0,87,3
696,162805562,kinko,1,2.0,83,2
697,162789436,hiroshige,4,2.0,77,4
698,162771565,yoshiyasu,1,1.0,74,3
699,162739917,umegae,3,3.0,83,2
700,162720923,zenemon,4,3.0,88,4
701,162720923,umegae,1,0.0,73,2
702,162401589,kinko,4,3.0,82,2
703,162401589,chuubei,3,2.0,80,3
704,162240479,yoshiyasu,3,1.0,75,2
705,161976882,hiroshige,1,2.0,85,4
706,161967357,yoshiyasu,3,3.0,84,2
707,183497557,yoshiyasu,3,3.0,84,1
708,182165400,yoshiyasu,1,2.0,80,2
709,182111699,umegae,2,3.0,86,3
710,180323190,kinko,1,3.0,77,2
711,179811333,hirotada,2,3.0,81,1
712,179811333,kinko,4,2.0,80,2
713,179618200,kinko,4,3.0,94,4
714,178615918,zenemon,4,3.0,92,2
715,177876737,kinko,1,3.0,86,3
716,170048213,hirotada,3,3.0,89,2
717,170036852,chuubei,2,3.0,81,1
718,170025721,satsuki,4,2.0,79,3
719,170004002,umegae,4,3.0,89,3
720,169994972,zenemon,4,2.0,77,2
721,169794378,chuubei,1,2.0,77,3
722,165847085,yoshiyasu,3,3.0,84,3
723,165722622,sasayakko,4,2.0,76,1
724,165722622,zenemon,2,1.0,74,3
725,162411043,yoshiyasu,3,3.0,82,2
726,162408255,umegae,3,3.0,86,2
727,182992259,kinko,4,3.0,90,3
728,182991231,yoshiyasu,2,1.0,74,3
729,180872172,yoshiyasu,4,3.0,84,2
730,180872172,mitsukuni,1,1.0,81,2
731,179553852,hirotada,4,3.0,100,4
732,178148730,umegae,3,2.0,73,1
733,178133134,hirotada,4,2.0,77,1
734,178128073,hirotada,3,2.0,75,1
735,176365283,kinko,3,3.0,87,1
736,176317491,umegae,1,3.0,79,1
737,176240329,hirotada,1,3.0,80,3
738,176235109,yoshiyasu,3,3.0,82,2
739,176239648,kinko,1,2.0,77,3
740,174168179,sasayakko,1,0.0,74,2
741,173715146,yoshiyasu,3,3.0,85,2
742,173166394,hirotada,3,3.0,86,2
743,173166394,sasayakko,4,2.0,74,2
744,172945424,chuubei,2,2.0,86,2
745,172933265,kinko,1,2.0,81,3
746,172933265,hirotada,3,1.0,72,1
747,172923484,hirotada,1,2.0,83,1
748,172661928,chuubei,3,3.0,85,3
749,172661928,yoshiyasu,4,2.0,81,3
750,172661172,yoshiyasu,4,3.0,84,2
751,172409684,satsuki,2,1.0,71,1
752,172381782,umegae,4,1.0,75,2
753,172361718,hirotada,3,3.0,89,3
754,172365583,yoshiyasu,3,3.0,82,2
755,172353384,zenemon,2,3.0,82,2
756,172342827,yoshiyasu,1,3.0,80,1
757,171365548,yoshiyasu,2,3.0,83,1
758,171365548,zenemon,1,2.0,79,2
759,171354369,sasayakko,2,1.0,75,1
760,171293435,zenemon,4,3.0,91,3
761,171281676,zenemon,1,0.0,71,2
762,171287832,hirotada,2,0.0,74,1
763,170814493,umegae,3,3.0,81,2
764,170795753,hirotada,4,3.0,86,2
765,170197164,chuubei,4,3.0,82,3
766,170179748,zenemon,2,2.0,83,1
767,170176122,mitsukuni,4,0.0,67,0
768,169791232,hirotada,4,2.5,79,2
769,169757035,mitsukuni,4,3.0,85,2
770,169748286,yoshiyasu,3,1.0,72,2
771,167245341,hirotada,4,0.0,68,2
772,167231618,chuubei,3,2.0,75,3
773,167231618,yoshiyasu,4,1.0,72,2
774,167225032,hirotada,1,3.0,85,1
775,165003698,hirotada,3,2.0,76,2
776,165007334,zenemon,1,3.0,83,2
777,162997200,hirotada,3,3.0,82,2
778,162962071,mitsukuni,1,3.0,77,2
779,162941147,kinko,3,2.0,82,3
780,162944632,kinko,2,0.0,69,1
781,162203171,hirotada,1,3.0,79,1
782,162181481,mitsukuni,2,1.0,73,2
783,162176085,kinko,4,2.0,76,2
784,162166008,kinko,3,3.0,83,1
785,162136575,mitsukuni,1,1.0,79,3
786,162139943,kinko,4,2.0,79,2
787,162139943,yoshiyasu,2,1.0,77,1
788,162105299,hirotada,3,2.0,81,1
789,162092445,hirotada,3,3.0,82,2
790,185047235,hiroshige,3,1.0,73,2
791,185100474,kinko,2,3.0,89,2
792,185097976,chuubei,2,3.0,87,3
793,185095492,kinko,4,1.0,68,2
794,185073008,kinko,4,2.0,77,1
795,185073008,chuubei,3,1.0,72,3
796,185073612,kinko,2,3.0,96,3
797,185073612,hiroshige,1,2.0,88,2
798,185069497,hirotada,3,0.0,72,2
799,183938950,chuubei,1,1.0,72,2
800,185018576,chuubei,3,3.0,79,3
801,184943488,umegae,4,1.0,78,3
802,182093949,hiroshige,1,1.0,72,3
803,180580424,hirotada,2,3.0,87,2
804,185148021,hiroshige,2,2.0,74,3
805,185133828,zenemon,2,0.0,65,1
806,185009926,umegae,3,2.0,78,1
807,184994227,umegae,2,2.0,78,2
808,184988076,hirotada,4,2.0,75,2
809,184976778,mitsukuni,4,3.0,80,2
810,184971354,umegae,2,1.0,72,2
811,184970911,chuubei,2,3.0,83,3
812,184970911,sasayakko,4,0.0,68,1
813,184962918,zenemon,1,1.0,75,1
814,184954711,kinko,1,0.0,75,2
815,184944840,yoshiyasu,1,1.0,77,2
816,184934174,yoshiyasu,2,3.0,84,1
817,184933731,kinko,4,3.0,81,2
818,184933731,zenemon,3,2.0,76,2
819,184927947,hirotada,1,1.0,75,1
820,184927324,kinko,1,3.0,92,4
821,184771115,hirotada,2,3.0,88,3
822,184766199,hirotada,1,3.0,85,3
823,184751321,chuubei,2,3.0,79,3
824,184740336,hirotada,1,3.0,80,3
825,184720352,zenemon,4,0.0,70,0
826,184718048,kinko,3,0.0,68,1
827,184713663,umegae,4,3.0,87,4
828,184702867,kinko,1,2.0,78,3
829,184708874,satsuki,4,1.0,74,2
830,184704490,mitsukuni,1,2.0,78,2
831,184666763,hirotada,4,3.0,82,1
832,184551307,hirotada,1,0.0,71,1
833,184550352,kinko,2,3.0,88,4
834,184545532,mitsukuni,3,2.0,77,2
835,184520336,kinko,3,2.0,76,1
836,184505623,chuubei,1,2.0,78,3
837,184495188,yoshiyasu,1,1.0,72,2
838,184490336,hirotada,3,2.0,84,2
839,184475636,hiroshige,2,3.0,77,3
840,184475503,yoshiyasu,3,1.0,74,1
841,184290422,kinko,4,1.0,74,1
842,184282639,hiroshige,1,3.0,86,3
843,184282639,yoshiyasu,4,2.0,80,2
844,184286734,satsuki,3,3.0,78,3
845,184279852,umegae,2,0.0,70,1
846,184242828,kinko,1,3.0,81,5
847,184247832,kinko,3,3.0,89,3
848,184085535,satsuki,4,3.0,89,3
849,184085535,kinko,3,2.0,83,2
850,184079314,yoshiyasu,1,3.0,86,3
851,184079314,hirotada,2,2.0,79,1
852,184078411,hiroshige,3,3.0,83,2
853,184069748,umegae,4,0.0,64,1
854,184050314,yoshiyasu,2,2.0,76,2
855,184050314,hiroshige,3,1.0,75,2
856,184046379,kinko,4,1.0,77,2
857,184046379,umegae,3,0.0,74,2
858,184038677,chuubei,4,1.0,77,4
859,183989418,zenemon,3,1.0,77,2
860,183850453,umegae,1,1.0,71,2
861,183845390,yoshiyasu,4,0.0,63,1
862,183823245,zenemon,3,2.0,81,2
863,177686011,yoshiyasu,2,2.0,80,3
864,183544947,hirotada,4,3.0,87,3
865,183358725,yoshiyasu,2,3.0,82,3
866,183358725,kinko,3,2.0,77,2
867,182927557,zenemon,2,1.0,73,3
868,182684098,chuubei,2,1.0,75,2
869,182676216,yoshiyasu,4,2.0,80,2
870,182662760,yoshiyasu,3,3.0,92,3
871,182404540,yoshiyasu,3,2.0,81,2
872,182218559,kinko,3,3.0,79,3
873,177679223,mitsukuni,2,3.0,90,3
874,181296627,hirotada,2,3.0,78,2
875,177971139,kinko,3,2.0,80,3
876,180148385,mitsukuni,4,0.0,59,0
877,177708793,yoshiyasu,1,3.0,86,3
878,179682558,hirotada,1,2.0,79,3
879,177760520,yoshiyasu,2,3.0,82,3
880,179425501,yoshiyasu,1,2.5,84,3
881,179157319,yoshiyasu,4,0.0,70,1
882,177686847,hirotada,2,3.0,89,3
883,177921154,satsuki,4,0.0,74,2
884,170626847,umegae,3,1.0,73,2
885,170621010,yoshiyasu,1,1.0,77,3
886,170923504,yoshiyasu,4,2.0,80,2
887,171280974,yoshiyasu,1,3.0,82,3
888,171190189,umegae,3,3.0,93,2
889,169407399,zenemon,3,3.0,88,4
890,170959082,kinko,2,3.0,92,2
891,171026508,chuubei,1,0.0,77,2
892,170482690,zenemon,4,2.0,88,3
893,174676841,mitsukuni,1,1.0,79,2
894,171167079,chuubei,2,1.0,73,3
895,170989798,kinko,2,2.0,78,2
896,171644154,chuubei,3,3.0,83,2
897,170695441,kinko,3,3.0,82,3
898,169051408,yoshiyasu,2,3.0,83,1
899,171660022,chuubei,4,2.0,77,2
900,171434934,kinko,2,3.0,81,2
901,170449450,kinko,4,3.0,77,2
902,171212475,kinko,1,2.0,73,2
903,170668225,yoshiyasu,4,0.5,68,2
904,170866489,zenemon,4,3.0,82,3
905,169560352,kinko,2,0.0,68,1
906,168734876,kinko,4,3.0,86,2
907,171260391,mitsukuni,3,1.0,73,2
908,169072759,yoshiyasu,2,3.0,93,2
909,171191733,yoshiyasu,1,3.0,76,2
910,171223504,zenemon,3,1.0,75,2
911,171030945,zenemon,2,3.0,90,2
912,170162547,hiroshige,3,3.0,80,3
913,170012507,kinko,3,3.0,85,2
914,171411336,kinko,1,0.0,68,2
915,171274791,chuubei,2,3.0,76,2
916,168754562,zenemon,3,1.0,75,3
917,171471447,chuubei,3,3.0,86,3
918,170430720,satsuki,3,2.0,70,3
919,171131780,kinko,4,3.0,94,3
920,170978698,yoshiyasu,1,3.0,93,4
921,170129052,umegae,4,3.0,87,2
922,170940719,hirotada,4,2.0,75,2
923,171410130,kinko,3,2.0,79,3
924,170147776,yoshiyasu,4,3.0,84,2
925,170323323,zenemon,3,3.0,84,3
926,167907472,kinko,4,3.0,86,3
927,169432390,hiroshige,4,2.0,81,3
928,170674044,yoshiyasu,3,3.0,86,3
929,169928595,umegae,4,2.0,71,2
930,167640118,yoshiyasu,2,3.0,82,2
931,170262147,yoshiyasu,2,2.0,73,1
932,167977884,mitsukuni,3,1.0,79,2
933,169388831,umegae,2,2.0,79,2
934,170874647,mitsukuni,4,0.0,72,0
935,169881176,yoshiyasu,1,3.0,80,3
936,167110236,zenemon,2,0.0,69,2
937,171221751,kinko,3,3.0,83,3
938,171231125,umegae,2,2.0,80,2
939,171487166,kinko,4,1.0,82,3
940,168255745,mitsukuni,2,3.0,78,3
941,171507840,kinko,1,2.0,85,2
942,170033321,yoshiyasu,3,2.0,78,2
943,169547670,hirotada,4,2.0,80,2
944,171103347,hirotada,4,1.0,74,2
945,170723305,chuubei,4,1.5,81,3
946,170153074,chuubei,4,3.0,92,3
947,171259898,chuubei,1,2.0,83,3
948,169398453,umegae,1,2.0,77,4
949,167438414,mitsukuni,1,0.5,74,1
950,169088062,umegae,1,2.0,70,2
951,167675668,kinko,3,2.0,76,2
952,169944194,zenemon,4,3.0,78,2
953,168770540,kinko,2,3.0,84,3
954,168624797,mitsukuni,3,1.0,69,3
955,170171472,umegae,1,3.0,81,4
956,170454672,yoshiyasu,1,0.0,72,3
957,169908893,kinko,1,1.0,76,3
958,170985658,umegae,4,1.0,77,3
959,167915740,umegae,3,2.0,72,2
960,169352728,yoshiyasu,1,2.0,76,2
961,169375616,kinko,1,2.0,78,1
962,169897597,yoshiyasu,2,1.0,75,2
963,170217431,zenemon,2,3.0,81,4
964,168562572,yoshiyasu,1,3.0,77,1
965,168783833,hirotada,1,3.0,79,2
966,167957119,kinko,4,3.0,87,3
967,168548034,umegae,3,1.0,74,1
968,169340291,kinko,3,3.0,77,2
969,170219191,zenemon,3,3.0,83,3
970,169939634,mitsukuni,4,2.0,71,3
971,168219806,hirotada,2,2.0,79,2
972,169898991,yoshiyasu,1,1.0,81,3
973,167356189,hirotada,4,3.0,87,4
974,170390468,zenemon,2,2.0,77,2
975,168081320,yoshiyasu,4,3.0,82,2
976,168813382,yoshiyasu,1,3.0,83,2
977,170165863,hirotada,1,2.0,77,3
978,168246298,zenemon,1,3.0,86,3
979,168794014,satsuki,1,2.0,73,2
980,169598177,chuubei,3,3.0,86,3
981,169883518,yoshiyasu,3,1.0,74,3
982,169079524,mitsukuni,2,1.0,83,2
983,167070475,zenemon,2,3.0,91,2
984,166922351,yoshiyasu,3,1.0,74,1
985,168724583,yoshiyasu,1,2.0,89,2
986,168212984,kinko,3,3.0,81,3
987,168279895,hirotada,4,1.0,82,4
988,167673921,umegae,2,2.0,88,4
989,166777641,kinko,1,3.0,80,3
990,167920544,yoshiyasu,1,2.0,82,3
991,167944171,hirotada,1,2.0,76,2
992,168092678,kinko,4,3.0,88,3
993,168053930,hirotada,1,3.0,85,2
994,168188977,zenemon,4,3.0,90,3
995,168572391,hirotada,1,0.0,68,1
996,168531289,yoshiyasu,4,3.0,87,3
997,168652730,zenemon,1,1.0,60,1
998,166530470,umegae,2,3.0,76,2
999,166548804,yoshiyasu,3,1.0,75,2
1000,169044759,chuubei,4,3.0,79,3
1001,168151715,kinko,3,3.0,77,2
1002,169335203,umegae,4,3.0,86,3
1003,167936110,chuubei,3,2.0,81,3
1004,167936094,yoshiyasu,1,2.0,77,2
1005,166911063,chuubei,1,1.0,79,2
1006,168174342,hirotada,4,3.0,103,2
1007,167711670,zenemon,4,2.0,81,2
1008,169379443,kinko,4,0.0,75,1
1009,168539732,zenemon,1,2.0,83,3
1010,167427871,sasayakko,1,3.0,83,4
1011,167427871,kinko,4,2.0,82,2
1012,168237128,chuubei,2,3.0,81,5
1013,167144963,hirotada,4,0.0,74,1
1014,166581753,kinko,3,2.0,77,3
1015,168553584,umegae,4,3.0,81,3
1016,168355036,yoshiyasu,4,2.0,78,2
1017,167057007,zenemon,2,2.0,88,2
1018,168436105,yoshiyasu,3,1.0,77,1
1019,168198833,hirotada,3,3.0,87,3
1020,168175739,yoshiyasu,3,3.0,87,3
1021,167654721,mitsukuni,3,3.0,85,2
1022,167116478,umegae,2,2.0,77,3
1023,166837555,zenemon,3,3.0,84,3
1024,167924212,umegae,1,1.0,77,3
1025,167940558,hiroshige,3,0.0,71,2
1026,167550371,yoshiyasu,1,1.0,72,1
1027,167399090,yoshiyasu,3,2.0,84,2
1028,168238010,umegae,1,3.0,85,2
1029,165305084,hiroshige,4,3.0,82,4
1030,166889886,yoshiyasu,4,3.0,84,2
1031,167380254,satsuki,4,0.0,72,2
1032,167032367,yoshiyasu,1,0.0,72,1
1033,167979146,kinko,4,1.0,76,2
1034,165479181,zenemon,2,2.0,78,1
1035,166629050,yoshiyasu,2,3.0,91,3
1036,165165784,kinko,4,3.0,81,2
1037,167398676,yoshiyasu,3,3.0,95,3
1038,167446429,yoshiyasu,2,2.0,80,2
1039,167151999,chuubei,4,1.0,76,2
1040,167658408,hirotada,2,3.0,92,2
1041,166558513,zenemon,4,1.0,68,0
1042,166786720,kinko,3,3.0,91,2
1043,165736161,zenemon,2,3.0,92,4
1044,166631159,yoshiyasu,4,3.0,88,2
1045,167176823,kinko,2,0.0,65,2
1046,167196142,hirotada,4,3.0,89,3
1047,163834003,yoshiyasu,2,2.0,76,1
1048,167446471,yoshiyasu,1,3.0,88,3
1049,167663124,yoshiyasu,2,1.0,70,3
1050,167418218,umegae,1,1.0,77,2
1051,161961875,yoshiyasu,3,0.0,70,1
1052,165671798,umegae,3,3.0,83,2
1053,164564952,zenemon,1,3.0,85,2
1054,167129284,kinko,2,3.0,84,2
1055,165293975,kinko,4,2.0,84,1
1056,167145994,kinko,4,3.0,88,3
1057,166565618,chuubei,4,3.0,88,3
1058,166565618,yoshiyasu,3,2.0,74,1
1059,166038327,chuubei,1,3.0,97,4
1060,163849787,hirotada,1,1.0,73,0
1061,166037949,kinko,1,2.0,82,3
1062,164600749,kinko,2,1.0,76,2
1063,166077044,yoshiyasu,2,3.0,80,3
1064,166595149,chuubei,1,1.5,72,2
1065,166087512,kinko,2,3.0,86,2
1066,163197929,mitsukuni,4,1.0,72,1
1067,165746798,hiroshige,2,1.0,77,2
1068,167460087,yoshiyasu,3,2.0,76,1
1069,164811754,chuubei,4,2.0,80,3
1070,165503105,kinko,3,3.0,91,4
1071,165433344,yoshiyasu,2,2.0,84,2
1072,165400998,umegae,1,1.0,70,3
1073,162015207,hirotada,4,3.0,91,3
1074,164200348,umegae,2,2.0,81,2
1075,165546450,hirotada,2,2.0,81,3
1076,164853296,umegae,2,1.0,75,1
1077,165542264,zenemon,2,3.0,87,2
1078,164280735,hirotada,2,1.0,75,1
1079,166588861,mitsukuni,2,2.0,82,2
1080,166616060,kinko,4,3.0,82,3
1081,165698121,zenemon,4,0.0,73,3
1082,165157987,hirotada,1,0.0,70,1
1083,164002072,hiroshige,4,2.0,80,3
1084,164336848,kinko,4,3.0,90,2
1085,162000930,mitsukuni,1,2.0,80,1
1086,161961230,kinko,1,1.0,80,3
1087,165778497,hirotada,3,1.0,76,2
1088,165751193,yoshiyasu,4,3.0,84,2
1089,166038402,hirotada,1,2.0,78,2
1090,165276592,umegae,4,2.0,74,2
1091,165447896,umegae,2,2.0,75,2
1092,164329894,yoshiyasu,1,2.0,78,3
1093,164708586,hirotada,3,1.0,74,1
1094,164261162,yoshiyasu,1,3.0,89,2
1095,165216368,hirotada,4,3.0,82,3
1096,166046443,kinko,3,3.0,97,4
1097,163477593,yoshiyasu,2,3.0,79,3
1098,165884376,kinko,2,2.0,77,2
1099,164707323,mitsukuni,2,1.0,77,3
1100,164620172,zenemon,1,2.0,79,3
1101,164645672,yoshiyasu,2,2.0,77,1
1102,164383962,kinko,4,2.0,83,2
1103,164387569,zenemon,2,3.0,92,3
1104,164808338,chuubei,4,3.0,84,3
1105,164390324,chuubei,3,2.0,77,3
1106,163174910,kinko,1,0.0,72,1
1107,165262686,umegae,1,2.0,74,3
1108,162940145,zenemon,2,2.0,82,2
1109,165626114,chuubei,3,3.0,82,3
1110,165283205,yoshiyasu,4,1.0,76,1
1111,166829208,satsuki,2,0.0,70,2
1112,161991776,yoshiyasu,2,2.0,72,2
1113,164932075,hirotada,2,1.0,75,2
1114,164961850,yoshiyasu,3,3.0,86,2
1115,164769474,zenemon,1,2.0,77,2
1116,164521285,zenemon,2,3.0,87,2
1117,164083025,umegae,3,0.0,75,2
1118,164593559,mitsukuni,2,2.0,86,3
1119,165087147,yoshiyasu,4,3.0,88,3
1120,164984612,umegae,2,2.0,82,1
1121,166597503,yoshiyasu,2,1.0,68,1
1122,166587529,umegae,4,2.0,68,2
1123,166573638,zenemon,2,3.0,84,2
1124,166573638,kinko,1,2.0,80,2
1125,166578725,hirotada,3,3.0,82,1
1126,166578725,sasayakko,1,1.0,77,3
1127,163802030,hiroshige,3,1.0,74,4
1128,164096380,hirotada,1,1.0,74,2
1129,164695468,umegae,2,2.0,74,1
1130,164580975,yoshiyasu,2,1.0,81,0
1131,165254027,yoshiyasu,4,2.0,79,2
1132,165249045,hirotada,1,3.0,80,2
1133,165236501,hirotada,1,3.0,84,3
1134,161972924,mitsukuni,4,3.0,78,3
1135,165516787,yoshiyasu,4,3.0,98,4
1136,161949253,umegae,3,2.0,78,3
1137,166285618,chuubei,2,2.0,80,2
1138,165547271,kinko,2,3.0,89,1
1139,162664307,umegae,4,2.0,89,2
1140,164403154,kinko,1,3.0,82,4
1141,164334310,chuubei,1,3.0,84,3
1142,165518332,kinko,4,2.0,77,3
1143,164671931,zenemon,3,3.0,89,2
1144,166270445,hirotada,3,2.0,74,2
1145,164956704,chuubei,3,3.0,79,3
1146,166260676,yoshiyasu,2,1.0,77,1
1147,163808529,kinko,3,3.0,92,3
1148,162092921,yoshiyasu,4,3.0,89,3
1149,164375587,zenemon,4,2.0,80,2
1150,163450319,zenemon,2,3.0,86,2
1151,163619371,chuubei,1,2.0,78,2
1152,164416435,yoshiyasu,3,3.0,84,3
1153,161964814,yoshiyasu,4,3.0,81,3
1154,166029046,kinko,3,2.0,80,2
1155,166029046,hirotada,2,1.0,76,3
1156,164692743,umegae,4,3.0,83,2
1157,166025553,mitsukuni,1,0.0,69,2
1158,166024330,zenemon,1,2.0,79,2
1159,163750856,zenemon,1,1.0,81,2
1160,166013486,hiroshige,2,1.0,74,3
1161,164056331,yoshiyasu,3,3.0,81,3
1162,164143491,mitsukuni,3,2.0,89,3
1163,164549844,umegae,2,3.0,82,2
1164,164340756,zenemon,1,2.0,72,3
1165,163827096,zenemon,2,3.0,78,2
1166,162325674,umegae,3,3.0,92,4
1167,164605007,yoshiyasu,2,3.0,79,2
1168,164409756,zenemon,2,2.0,76,4
1169,163794143,mitsukuni,1,3.0,89,2
1170,165779270,chuubei,1,0.0,77,4
1171,163534939,mitsukuni,4,3.0,77,2
1172,164411680,hirotada,3,2.0,80,2
1173,163925550,hirotada,2,2.0,78,2
1174,165741250,zenemon,4,1.0,78,2
1175,165739348,mitsukuni,2,2.0,75,2
1176,165733386,umegae,3,3.0,79,2
1177,165713708,hiroshige,3,3.0,83,4
1178,165694635,hirotada,2,3.0,86,2
1179,163727123,yoshiyasu,1,1.0,76,2
1180,163698843,hirotada,1,2.0,79,1
1181,164070462,yoshiyasu,4,1.0,76,1
1182,163567859,hiroshige,2,2.0,81,2
1183,165507139,yoshiyasu,2,2.0,73,1
1184,165509603,kinko,1,3.0,82,2
1185,165493248,chuubei,1,0.0,69,3
1186,162045304,kinko,1,3.0,84,3
1187,165456238,zenemon,2,2.0,76,2
1188,164067488,hiroshige,4,2.0,80,4
1189,162319518,hirotada,3,3.0,81,3
1190,163232487,umegae,4,3.0,94,3
1191,163297066,kinko,3,3.0,84,1
1192,165286158,kinko,3,2.0,81,1
1193,163852569,kinko,3,3.0,85,1
1194,165243413,hiroshige,4,2.0,75,3
1195,165249371,hiroshige,1,0.0,76,2
1196,165236621,zenemon,3,2.0,81,3
1197,165223155,yoshiyasu,2,2.0,77,3
1198,164141652,yoshiyasu,4,1.0,75,3
1199,161983834,mitsukuni,4,2.0,86,2
1200,163266813,yoshiyasu,3,2.0,72,3
1201,164994974,chuubei,1,0.0,72,3
1202,164982076,hirotada,1,3.0,89,1
1203,163274067,hirotada,2,2.0,82,2
1204,164989902,kinko,1,0.5,75,2
1205,164979782,yoshiyasu,3,3.0,88,1
1206,164968319,hiroshige,2,3.0,76,4
1207,164959506,satsuki,2,1.0,78,2
1208,164945888,umegae,3,3.0,82,2
1209,163744561,hirotada,4,2.0,79,2
1210,163311565,hirotada,1,0.0,70,0
1211,164694986,yoshiyasu,2,3.0,90,2
1212,163597622,hirotada,4,3.0,87,1
1213,164684180,yoshiyasu,2,1.5,80,2
1214,161983771,hirotada,4,3.0,95,4
1215,162010547,yoshiyasu,1,2.0,78,2
1216,162681320,umegae,1,1.0,70,1
1217,163607125,kinko,1,2.0,80,3
1218,162976533,kinko,2,3.0,81,2
1219,164328514,zenemon,4,0.0,74,1
1220,161980810,zenemon,3,3.0,82,2
1221,164111678,kinko,4,3.0,81,2
1222,162000725,chuubei,2,3.0,94,3
1223,161952316,hirotada,2,3.0,84,2
1224,162023495,hirotada,2,3.0,81,2
1225,161931783,kinko,3,3.0,102,3
1226,163736956,yoshiyasu,1,1.0,77,2
1227,163288885,umegae,2,1.0,76,2
1228,163288030,kinko,3,3.0,89,1
1229,163196866,hirotada,3,0.0,74,2
1230,163197534,zenemon,3,3.0,89,4
1231,162286034,kinko,4,3.0,88,4
1232,162012558,hiroshige,1,0.0,67,2
1233,185020131,kinko,3,3.0,80,3
1234,182130652,kinko,4,3.0,84,3
1235,181155980,yoshiyasu,1,0.0,67,2
1236,181141093,zenemon,4,2.0,80,3
1237,181130958,umegae,4,1.0,75,2
1238,180911236,chuubei,2,3.0,81,3
1239,180918441,hirotada,3,3.0,83,1
1240,180918441,kinko,2,1.5,82,2
1241,180900186,chuubei,3,2.0,79,3
1242,180230285,kinko,4,3.0,83,1
1243,179593540,sasayakko,1,0.0,71,2
1244,179585694,yoshiyasu,1,3.0,82,2
1245,179550408,umegae,4,0.0,74,1
1246,179311237,chuubei,4,3.0,89,4
1247,179319103,chuubei,4,3.0,81,4
1248,179025730,sasayakko,2,1.0,71,3
1249,178541350,zenemon,3,3.0,83,3
1250,178423715,kinko,3,2.0,76,4
1251,178331972,hirotada,1,1.0,77,2
1252,177782212,kinko,4,3.0,89,4
1253,177331171,umegae,3,1.0,78,3
1254,177066855,yoshiyasu,4,2.0,84,2
1255,176926758,sasayakko,3,0.0,65,1
1256,176080293,umegae,3,3.0,86,2
1257,175837691,yoshiyasu,3,0.0,66,2
1258,175816574,kinko,4,0.0,80,1
1259,175098550,kinko,3,3.0,84,3
1260,175076247,kinko,2,3.0,80,1
1261,175033494,hirotada,3,0.0,55,1
1262,174776925,chuubei,1,3.0,87,4
1263,174750948,chuubei,1,0.0,70,2
1264,174754383,chuubei,2,3.0,79,3
1265,174754383,umegae,3,2.0,78,2
1266,174502926,yoshiyasu,3,2.0,77,2
1267,174487573,hirotada,4,3.0,81,1
1268,174211967,chuubei,3,0.0,73,2
1269,174076891,hirotada,4,1.0,77,2
1270,174045050,hiroshige,1,0.0,66,2
1271,174030695,chuubei,3,3.0,88,4
1272,174015975,chuubei,4,2.0,78,2
1273,174015975,hirotada,2,1.0,76,1
1274,173965181,zenemon,2,1.0,71,1
1275,173701848,zenemon,1,1.0,71,1
1276,173493133,hirotada,2,2.0,76,3
1277,173493133,umegae,4,1.0,74,2
1278,173484604,hirotada,4,0.0,71,1
1279,173160492,yoshiyasu,2,3.0,82,2
1280,172619162,hiroshige,1,1.0,72,3
1281,172605238,mitsukuni,3,1.0,78,2
1282,172335364,sasayakko,1,0.5,67,1
1283,172082159,hirotada,2,1.0,76,2
1284,172087314,chuubei,4,3.0,88,4
1285,171949617,zenemon,3,1.0,77,1
1286,171171826,kinko,4,2.0,72,2
1287,171172073,zenemon,1,0.0,66,3
1288,171162212,zenemon,4,1.0,72,1
1289,171151593,umegae,2,1.0,72,2
1290,171061251,kinko,2,2.0,76,1
1291,171053095,chuubei,2,2.0,83,3
1292,170588833,kinko,1,3.0,82,3
1293,169970804,hiroshige,1,2.0,79,3
1294,169951378,zenemon,3,3.0,86,2
1295,169462721,yoshiyasu,2,2.0,84,2
1296,169449505,hirotada,3,2.0,80,2
1297,169430029,kinko,4,2.0,77,3
1298,169435702,yoshiyasu,4,1.0,78,3
1299,169425327,hiroshige,4,1.0,70,3
1300,167818344,hirotada,4,3.0,86,1
1301,167251926,hiroshige,4,0.0,66,1
1302,166972144,umegae,3,2.0,74,1
1303,166972144,zenemon,4,1.0,68,2
1304,166945441,kinko,3,3.0,83,2
1305,166727903,chuubei,3,3.0,91,3
1306,166727903,kinko,4,2.0,81,2
1307,166713673,hirotada,4,2.0,81,2
1308,166713673,satsuki,1,0.0,67,2
1309,165946232,kinko,1,2.0,75,3
1310,165934105,kinko,1,3.0,86,3
1311,165934105,yoshiyasu,2,0.0,72,3
1312,165843200,hirotada,1,2.0,78,3
1313,163963678,yoshiyasu,3,1.0,75,2
1314,163954277,yoshiyasu,2,1.0,76,2
1315,163903216,yoshiyasu,2,1.0,78,0
1316,163903161,hirotada,1,1.0,74,2
1317,163327787,chuubei,4,3.0,83,3
1318,162747887,kinko,1,2.0,78,2
1319,162716935,yoshiyasu,1,1.0,72,2
1320,161938784,hiroshige,2,2.0,78,3
1321,161915629,hirotada,4,0.0,74,2
1322,185105357,yoshiyasu,2,2.0,81,2
1323,184860891,chuubei,1,2.0,77,2
1324,184604307,umegae,4,3.0,85,0
1325,184511346,hirotada,2,2.0,79,2
1326,184504230,chuubei,4,3.0,88,2
1327,184299195,yoshiyasu,1,2.0,76,1
1328,184178625,kinko,1,3.0,81,3
1329,184107470,chuubei,1,2.0,81,3
1330,183726205,hiroshige,4,3.0,81,3
1331,183713286,yoshiyasu,1,1.0,78,2
1332,183453733,sasayakko,3,2.0,79,1
1333,183360266,kinko,1,2.0,80,2
1334,183354937,yoshiyasu,1,2.0,78,2
1335,183193879,kinko,1,1.0,69,0
1336,183126206,zenemon,2,3.0,80,3
1337,182918160,hiroshige,3,3.0,89,4
1338,182777692,sasayakko,1,1.0,74,1
1339,182706310,kinko,4,3.0,88,2
1340,182486844,hirotada,2,2.0,72,1
1341,182479363,chuubei,3,3.0,89,4
1342,182455523,yoshiyasu,1,3.0,82,2
1343,181886687,yoshiyasu,3,3.0,88,3
1344,182294771,kinko,4,3.0,83,2
1345,182257763,kinko,4,2.0,82,1
1346,182248949,kinko,3,2.0,78,3
1347,182084252,chuubei,3,3.0,88,4
1348,182072006,chuubei,1,2.0,85,3
1349,182042872,yoshiyasu,3,2.0,80,1
1350,181802365,yoshiyasu,2,2.0,85,2
1351,181792206,zenemon,3,2.0,75,2
1352,181789372,sasayakko,4,1.0,76,3
1353,181753647,hirotada,3,3.0,81,3
1354,181666180,hirotada,3,1.0,81,2
1355,181612065,sasayakko,2,0.0,65,0
1356,181276370,zenemon,4,1.0,78,1
1357,181091042,chuubei,3,3.0,85,3
1358,180956063,kinko,4,2.0,77,1
1359,180944867,hirotada,4,1.0,74,2
1360,180862399,kinko,4,2.0,82,3
1361,180665370,kinko,2,1.0,76,1
1362,180381235,kinko,1,3.0,77,1
1363,180202549,yoshiyasu,4,3.0,85,2
1364,179747154,umegae,2,1.0,83,3
1365,179247183,hirotada,3,3.0,86,2
1366,179181298,hirotada,3,3.0,78,1
1367,179083183,chuubei,3,3.0,86,2
1368,178281601,kinko,1,1.5,74,2
1369,177535683,sasayakko,4,2.0,80,3
1370,177297649,kinko,2,3.0,88,3
1371,177068135,chuubei,1,3.0,86,4
1372,177030187,kinko,1,3.0,79,2
1373,176806922,kinko,2,3.0,85,3
1374,176566101,chuubei,4,1.0,78,4
1375,176344707,umegae,4,1.0,73,2
1376,176276564,chuubei,3,2.0,89,3
1377,176270961,yoshiyasu,3,1.0,66,3
1378,176233306,hirotada,2,2.5,84,3
1379,176068041,hirotada,1,2.0,72,2
1380,175800234,satsuki,4,3.0,80,3
1381,175700289,zenemon,2,2.0,84,1
1382,175529996,chuubei,1,3.0,85,2
1383,175527961,yoshiyasu,4,1.0,74,3
1384,175341145,hirotada,3,2.0,82,3
1385,175335672,kinko,4,3.0,82,2
1386,175114868,chuubei,3,2.0,79,2
1387,175044354,zenemon,2,2.0,87,2
1388,174520021,kinko,2,2.0,86,1
1389,174206236,kinko,2,3.0,96,3
1390,174186039,chuubei,4,2.0,79,1
1391,174187433,umegae,2,2.5,80,3
1392,174124787,yoshiyasu,4,2.0,70,2
1393,174021882,kinko,2,3.0,76,1
1394,173881713,kinko,4,3.0,75,3
1395,173872548,hirotada,3,3.0,84,2
1396,173752833,umegae,1,2.0,82,2
1397,173649797,yoshiyasu,1,0.0,64,2
1398,173647752,chuubei,3,3.0,79,3
1399,173603930,umegae,2,0.0,70,1
1400,173581324,kinko,4,1.5,78,3
1401,173501111,kinko,4,0.0,68,2
1402,173478003,zenemon,4,2.0,82,2
1403,173430576,umegae,2,1.0,82,1
1404,173435946,chuubei,1,0.0,74,2
1405,173431630,yoshiyasu,2,1.0,77,2
1406,173423336,zenemon,4,1.0,76,1
1407,173359261,sasayakko,4,1.5,81,3
1408,173322242,kinko,3,1.5,76,3
1409,173078157,kinko,2,2.0,83,1
1410,172652575,chuubei,4,1.0,78,2
1411,172532276,hirotada,2,3.0,81,1
1412,172346182,sasayakko,3,0.0,71,1
1413,172302161,hirotada,4,3.0,79,2
1414,172123480,yoshiyasu,3,2.0,74,2
1415,172010911,hirotada,4,3.0,85,3
1416,171856425,zenemon,3,3.0,79,2
1417,171765923,umegae,4,1.0,84,2
1418,171543530,hirotada,2,3.0,78,1
1419,171321716,yoshiyasu,1,3.0,84,1
1420,171296811,yoshiyasu,1,2.0,78,3
1421,171118028,hirotada,2,2.0,68,3
1422,171049860,chuubei,1,3.0,90,2
1423,171027622,zenemon,1,2.0,82,2
1424,170805382,kinko,2,1.0,79,3
1425,170464271,kinko,2,3.0,92,2
1426,170434830,yoshiyasu,4,3.0,84,2
1427,170409216,umegae,1,3.0,79,1
1428,170203650,kinko,1,2.0,78,2
1429,170056799,chuubei,1,3.0,85,3
1430,169939127,umegae,3,2.0,75,0
1431,169410350,kinko,3,3.0,75,2
1432,168930789,chuubei,2,3.0,76,3
1433,168928718,umegae,2,1.0,75,3
1434,168801474,hirotada,4,3.0,92,2
1435,168766893,yoshiyasu,1,3.0,82,2
1436,168760070,chuubei,3,0.0,64,1
1437,168647997,hirotada,3,2.0,77,2
1438,168631938,yoshiyasu,1,1.0,70,2
1439,168336518,zenemon,2,0.0,75,2
1440,168328343,umegae,4,2.0,85,3
1441,168324432,kinko,2,2.0,89,2
1442,168087568,chuubei,2,2.0,80,3
1443,168080570,sasayakko,3,0.0,68,1
1444,168071113,hiroshige,2,1.0,81,1
1445,168067196,kinko,1,0.0,70,2
1446,167934721,zenemon,1,1.0,73,2
1447,167920053,hirotada,3,2.0,76,2
1448,167792697,zenemon,3,3.0,86,2
1449,167782034,yoshiyasu,2,0.0,72,2
1450,167739629,kinko,2,3.0,83,3
1451,167693519,yoshiyasu,3,1.0,77,2
1452,167675038,kinko,2,2.0,79,2
1453,167675404,zenemon,4,3.0,93,3
1454,167669843,chuubei,4,3.0,80,4
1455,167653597,hirotada,2,0.0,75,1
1456,167491086,chuubei,4,3.0,87,3
1457,167485989,yoshiyasu,3,2.0,83,3
1458,167384577,chuubei,1,2.0,78,2
1459,167311593,sasayakko,3,3.0,73,3
1460,167304513,zenemon,4,0.0,74,1
1461,167285213,yoshiyasu,3,1.5,73,2
1462,167214007,yoshiyasu,3,3.0,90,2
1463,167031191,hirotada,2,1.0,70,1
1464,167004946,kinko,4,2.0,80,2
1465,166656421,chuubei,2,2.0,79,3
1466,166635919,hirotada,2,2.0,82,2
1467,166627546,hirotada,4,0.0,74,1
1468,166424532,kinko,3,3.0,82,2
1469,166388287,sasayakko,3,1.0,74,2
1470,166364149,chuubei,3,2.0,78,3
1471,166346183,zenemon,1,0.0,74,1
1472,166281635,hirotada,3,2.0,77,3
1473,166282091,sasayakko,1,2.0,76,3
1474,166161616,hirotada,3,3.0,86,4
1475,166157384,satsuki,2,2.0,78,3
1476,166091260,kinko,2,3.0,86,3
1477,166050640,yoshiyasu,4,2.0,80,2
1478,165913769,chuubei,3,0.0,74,3
1479,165653189,sasayakko,1,3.0,90,2
1480,165624879,kinko,3,3.0,89,2
1481,165586464,hirotada,2,1.0,81,1
1482,165292907,umegae,2,1.0,79,2
1483,165245945,chuubei,1,3.0,83,3
1484,165053056,zenemon,4,1.0,70,1
1485,164969879,kinko,2,1.0,77,3
1486,164964073,hiroshige,3,3.0,81,4
1487,164953217,kinko,2,1.0,79,1
1488,164540670,kinko,2,0.0,71,1
1489,164526928,umegae,2,1.0,70,2
1490,164527194,umegae,1,1.0,75,1
1491,164512187,kinko,3,0.0,73,3
1492,164517960,hirotada,4,0.0,69,1
1493,164190241,kinko,1,0.0,73,1
1494,164188072,chuubei,1,1.5,76,2
1495,164161151,zenemon,3,3.0,87,2
1496,164152976,hirotada,2,2.0,78,2
1497,163947771,kinko,4,3.0,80,2
1498,163594296,chuubei,4,2.0,73,3
1499,163591112,umegae,3,0.0,68,0
1500,162998543,umegae,4,2.0,79,2
1501,162684963,kinko,2,2.0,79,2
1502,162499159,mitsukuni,1,1.0,69,1
1503,162415118,kinko,2,3.0,81,2
1504,162246575,hiroshige,4,2.0,76,4
1505,162160475,yoshiyasu,1,0.0,70,1
1506,162104447,kinko,1,2.5,79,2
1507,162065392,sasayakko,2,2.0,78,1
